Fecha,Ticker,Tipo,Precio_Entrada,Precio_Salida,Unidades,Nocional_USD,Stop_Loss,Take_Profit,Comision_USD,PL_Neto_USD,Estado
2026-09-28 15:01,BTCUSDT,LONG,83560.36,,0.01404,1173.0,80000.0,90680.0,0.59,-0.59,ABIERTA
2026-09-28 16:14,BTCUSDT,LONG,83504.2,,0.01403,1172.0,79941.0,90630.0,0.59,-0.59,ABIERTA
2026-09-29 11:26,NVDA,LONG,228.86,,1.0,228.86,222.11,239.16,0.11,-0.11,ABIERTA
2026-09-29 14:43,NVDA,LONG,231.11,,10.0,2311.1,225.87,241.59,1.16,-1.16,ABIERTA
2026-09-29 17:00,BTCUSDT,SHORT,83677.45,,0.02,1673.55,85945.52,79141.31,0.84,-0.84,ABIERTA
2026-09-29 17:05,NVDA,LONG,230.63,,1.0,230.63,222.77,241.11,0.12,-0.12,ABIERTA
2026-10-01 13:41,NVDA,LONG,228.38,,10.0,2283.8,220.43,244.28,1.14,-1.14,ABIERTA
2026-10-01 15:58,NVDA,LONG,230.8,,207.0,47775.6,222.9,241.34,23.89,-23.89,ABIERTA
2026-10-01 16:14,SISTEMA,HOLD,0.0,,0.0,0.0,0.0,0.0,0.0,0.0,SIN_OPERACION
2026-10-01 16:15,SISTEMA,HOLD,0.0,,0.0,0.0,0.0,0.0,0.0,0.0,SIN_OPERACION
2026-10-01 16:27,SISTEMA,HOLD,0.0,,0.0,0.0,0.0,0.0,0.0,0.0,SIN_OPERACION
2026-10-01 16:28,SISTEMA,HOLD,0.0,,0.0,0.0,0.0,0.0,0.0,0.0,SIN_OPERACION
2026-10-01 16:29,SISTEMA,HOLD,0.0,,0.0,0.0,0.0,0.0,0.0,0.0,SIN_OPERACION
2026-10-01 16:29,SISTEMA,HOLD,0.0,,0.0,0.0,0.0,0.0,0.0,0.0,SIN_OPERACION
2026-10-01 16:32,SISTEMA,HOLD,0.0,,0.0,0.0,0.0,0.0,0.0,0.0,SIN_OPERACION
2026-10-01 16:32,SISTEMA,HOLD,0.0,,0.0,0.0,0.0,0.0,0.0,0.0,SIN_OPERACION
2026-10-01 16:32,SISTEMA,HOLD,0.0,,0.0,0.0,0.0,0.0,0.0,0.0,SIN_OPERACION
2026-10-01 16:35,SISTEMA,HOLD,0.0,,0.0,0.0,0.0,0.0,0.0,0.0,SIN_OPERACION
2026-10-01 16:35,SISTEMA,HOLD,0.0,,0.0,0.0,0.0,0.0,0.0,0.0,SIN_OPERACION
2026-10-01 14:42,BTCUSDT,HOLD,84006.69,,0.0,0.0,0.0,0.0,0.0,0.0,ESPERA (RSI: 75.4)
2026-10-01 14:42,ETHUSDT,HOLD,2691.37,,0.0,0.0,0.0,0.0,0.0,0.0,ESPERA (RSI: 76.1)
2026-10-01 14:42,NVDA,HOLD,230.61,,0.0,0.0,0.0,0.0,0.0,0.0,ESPERA (RSI: 65.9)
2026-10-01 14:42,SPY,HOLD,761.49,,0.0,0.0,0.0,0.0,0.0,0.0,ESPERA (RSI: 49.1)
